latein_normalisiert,eintraege,tox_werte,edible_werte,spanne_tox,gewinnt_heute,ids,namen,toxische_eintraege_warning
"amanita rubescens",6,"0/1/2/4","ja/nein",4,"PI427 Kleiner Perlpilz (tox 4)","F015 F053 PI131 PI427 PI446 PI492","Perlpilz [tox 1, essbar] | Häuptling Amanita (Perlpilz) [tox 1, essbar] | Echter Perlpilz [tox 0, essbar] | Kleiner Perlpilz [tox 4] | Perlpilz (Essbar) [tox 2, essbar] | Echter Perlpilz Var. annulo [tox 2, essbar]","PI427: Giftig roh! Hämolysin | PI446: Roh giftig! Hämolysin – immer kochen! | PI492: ROCH KOCHEN – Hämolysin"
"vaccinium uliginosum",2,"0/3","ja/nein",3,"P151 Rauschbeere (tox 3)","P151 K312","Rauschbeere [tox 3] | Echte Rauschbeere [tox 0, essbar]","P151: GIFTIG in grösseren Mengen – Rausch, Übelkeit, Krämpfe. NICHT mit Blaubeere verw"
"cortinarius violaceus",2,"0/3","nein",3,"PI307 Schleierling (Violett) (tox 3)","PI012 PI307","Violetter Schleierling [tox 0] | Schleierling (Violett) [tox 3]","PI307: Giftig! Orellanin"
"sambucus nigra",9,"0/1/2","ja",2,"P144 Holunder (Schwarz) (tox 2)","T019 H015 P144 HP126 W036 K182 K191 K304 K344","Schwarzer Holunder [tox 1, essbar] | Holunderblüte [tox 1, essbar] | Holunder (Schwarz) [tox 2, essbar] | Echter Gelbholunder [tox 1, essbar] | Holunder [tox 0, essbar] | Echter Gemeiner Holunder [tox 0, essbar] | Echter Holunder-Blüten-Tee [tox 0, essbar] | Echter Holunder [tox 0, essbar] | Echter Schwarzer Holunder [tox 0, essbar]","P144: Roh giftig! Beeren müssen erhitzt werden. Blätter und Rinde sind giftig."
"morchella esculenta",6,"0/1/2","ja",2,"PI276 Breitblättrige Morchel (tox 2)","F003 F073 F105 F159 PI011 PI276","Echte Morchel [tox 1, essbar] | Morchel (Echte) [tox 1, essbar] | Echter Morchel [tox 1, essbar] | Echter Wiesenmorchel [tox 1, essbar] | Speise-Morchel [tox 0, essbar] | Breitblättrige Morchel [tox 2, essbar]","PI276: Roh giftig! Immer kochen (Hydrazin-Verbindungen)"
"sambucus ebulus",5,"3/4/5","nein",2,"K345 Echter Zwerg-Holunder (tox 5)","T096 HP106 BA091 K345 BA353","Schwarzer Holunder Zwerg [tox 4] | Gemeines Beinholunder [tox 3] | Attich [tox 4] | Echter Zwerg-Holunder [tox 5] | Gewöhnlicher Rote-Beeren-Holunder [tox 5]","T096: GIFTIG – verwechslung mit Schwarzem Holunder gefährlich! | HP106: GIFTIG! | BA091: HOCHGIFTIG – alle Teile! | K345: HOCHGIFTIG! Alle Teile | BA353: HOCHGIFTIG! Alle Teile!"
"symphytum officinale",4,"1/2/3","nein",2,"P119 Beinwell (Echter) (tox 3)","P062 H039 P119 K140","Beinwell [tox 1] | Echter Beinwell [tox 1] | Beinwell (Echter) [tox 3] | Gewöhnliche Beinwell [tox 2]","P119: NICHT ESSEN – Pyrrolizidinalkaloide schädigen Leber. Nur äusserlich kurz anwende | K140: NICHT innerlich! Pyrrolizidinalkaloide"
"juniperus communis",4,"0/2","ja",2,"T081 Wacholder (Gemeiner) (tox 2)","T018 T081 K302 K343","Wacholder [tox 0, essbar] | Wacholder (Gemeiner) [tox 2, essbar] | Echter Wacholder [tox 2, essbar] | Echter Wacholder (Beere) [tox 2, essbar]","T081: Verwechslung mit giftiger Sadebaum möglich! In Schwangerschaft verboten. | K302: Nicht in Schwangerschaft! | K343: Nicht in Schwangerschaft"
"pholiota squarrosa",4,"1/2/3","nein",2,"PI227 Schüppling (tox 3)","F198 F312 PI227 PI262","Echter Samtiger Schüppling [tox 1] | Trüffel-Büschel-Rübling [tox 2] | Schüppling [tox 3] | Sparriger Schüppling [tox 3]","F312: GIFTIG! Unangenehmer Geruch. Magen-Darm-Vergiftungen. | PI227: Giftig: Übelkeit, besonders mit Alkohol | PI262: Giftig, besonders mit Alkohol"
"arnica montana",3,"0/2","nein",2,"P021 Arnika (tox 2)","P021 H019 W326","Arnika [tox 2] | Arnika-Blüten [tox 2] | Gewöhnliche Arnika [tox 0]","P021: GESCHÜTZT – nicht pflücken! Nur äusserlich anwenden. Nie auf offene Wunden. | H019: GESCHÜTZT! Nur äusserlich."
"helleborus niger",3,"3/4/5","nein",2,"P167 Schwarze Nieswurz (tox 5)","P028 P167 W627","Christrose [tox 3] | Schwarze Nieswurz [tox 5] | Schneerose [tox 4]","P028: GIFTIG! Alle Teile. Herzglykoside. | P167: ☠️ SEHR GIFTIG – Herzglykoside. Alle Teile. Geschützte Art! | W627: HOCHGIFTIG! Herzglykoside"
"artemisia absinthium",3,"0/1/2","ja/nein",2,"P100 Wermut (tox 2)","P100 P187 W587","Wermut [tox 2, essbar] | Echter Wermut [tox 1] | Wermutkraut [tox 0]","P100: Thujon ist neurotoxisch in Überdosierung. Nicht in Schwangerschaft."
"echium vulgare",3,"0/2","ja/nein",2,"P118 Natternkopf (tox 2)","P118 W089 K066","Natternkopf [tox 2, essbar] | Gewöhnlicher Natterkopf [tox 0] | Echter Natternkopf [tox 0]","P118: Enthält Pyrrolizidinalkaloide – nicht täglich essen"
"lactarius torminosus",3,"1/2/3","ja/nein",2,"PI495 Echter Zottiger Milchling (tox 3)","F158 F280 PI495","Echter Milchling (wollig) [tox 2] | Birken-Reizker [tox 1, essbar] | Echter Zottiger Milchling [tox 3]","F158: GIFTIG roh | PI495: Giftig roh! In CH NICHT essen!"
"amanita regalis",3,"3/5","nein",2,"PI283 Königsfliegenpilz (tox 5)","F257 PI283 PI337","Königs-Fliegenpilz [tox 3] | Königsfliegenpilz [tox 5] | Brauner Fliegenpilz [tox 5]","F257: GIFTIG! Halluzinogen. Nicht verwechseln mit essbaren braunen Pilzen. | PI283: SEHR GIFTIG: Halluzinationen, Krämpfe | PI337: SEHR GIFTIG: Halluzinationen"
"clitocybe nebularis",2,"1/3","ja/nein",2,"PI202 Nebelgrauer Rötelritterling (tox 3)","F047 PI202","Nebelkappe [tox 1, essbar] | Nebelgrauer Rötelritterling [tox 3]","PI202: Giftig für viele Menschen (Nebularin)"
"tricholoma terreum",2,"0/2","ja/nein",2,"PI048 Erdritterlinge (tox 2)","F125 PI048","Erdritterling [tox 0, essbar] | Erdritterlinge [tox 2]","PI048: Kann giftig sein (ungeklärt); nicht mehr empfohlen"
"cortinarius mucosus",2,"0/2","ja/nein",2,"F180 Echter Schleimkopf (tox 2)","F180 F274","Echter Schleimkopf [tox 2] | Heide-Schleimfuß [tox 0, essbar]","F180: Schleierling – giftverdächtig"
"omphalotus olearius",2,"2/4","nein",2,"PI066 Ölbaumseitling (tox 4)","F182 PI066","Echter Nabeling [tox 2] | Ölbaumseitling [tox 4]","F182: GIFTIG – biolumineszent | PI066: Giftig: Illudin – Magenbeschwerden, Erbrechen"
"angelica sylvestris",2,"0/2","nein",2,"W803 Wald-Engelwurz (tox 2)","K012 W803","Angelika [tox 0] | Wald-Engelwurz [tox 2]","W803: Phototoxisch! Furanocumarine"
"flammulina velutipes",10,"0/1","ja",1,"PI_K003 Samtfussrübling (tox 1)","F016 X308 F050 F109 F271 PI051 PI356 PI403 PI489 PI_K003","Samtfussrübling / Enoki [tox 0, essbar] | Samtfussrübling (Winterpilz) [tox 0, essbar] | Samtfussrübling [tox 0, essbar] | Samtfuss-Rübling [tox 0, essbar] | Winterpilz [tox 0, essbar] | Samtiger Rübling [tox 0, essbar] | Gemeiner Wachsrübling [tox 0, essbar] | Samtfuss-Pilz [tox 0, essbar] | Echter Samtfussrübling [tox 0, essbar] | Samtfussrübling [tox 1, essbar]",""
"hypericum perforatum",7,"0/1","ja/nein",1,"P019 Johanniskraut (tox 1)","P019 H022 P183 HP145 W225 K207 K268","Johanniskraut [tox 1] | Johanniskraut (Ölauszug) [tox 1] | Tüpfel-Johanniskraut [tox 1, essbar] | Echter Tüpfeljohanniskraut [tox 1, essbar] | Tüpfeljohanniskraut [tox 0, essbar] | Echtes Johanniskraut [tox 0, essbar] | Echter Tüpfel-Johanniskraut [tox 0, essbar]",""
"aconitum napellus",6,"4/5","nein",1,"P025 Blauer Eisenhut (tox 5)","P025 X310 P217 HP146 W038 K102","Blauer Eisenhut [tox 5] | Eisenhut (Blauer) [tox 4] | Blaue Eisenhutblüte [tox 5] | Echter Echter Eisenhut [tox 5] | Eisenhut [tox 5] | Echter Eisenhut [tox 5]","P025: ☠️ TÖDLICH GIFTIG! Gefährlichste einheimische Pflanze. Schon Hautkontakt gefährl | X310: ☠️ TÖDLICH! Aconitin — stärkstes pflanzliches Gift Europas. Wirkt durch Haut! Sc | P217: TÖDLICH! Aconitum-Alkaloide | HP146: TÖDLICH! Aconitum | W038: TÖDLICH GIFTIG – alle Teile! Hautkontakt gefährlich! | K102: TÖDLICH GIFTIG – alle Teile! Hautkontakt gefährlich!"
"euonymus europaeus",6,"3/4","nein",1,"BA093 Europäisches Pfaffenhütchen (tox 4)","T029 T097 T111 BA093 BA340 BA373","Pfaffenhütchen [tox 3] | Spindelstrauch (Europäisch) [tox 3] | Gewöhnliches Pfaffenhütchen [tox 3] | Europäisches Pfaffenhütchen [tox 4] | Gewöhnlicher Spindelstrauch [tox 4] | Echter Pfaffenhütchen [tox 4]","T029: GIFTIG! Alle Teile, besonders Früchte. | T097: Giftig – alle Teile, besonders Früchte | T111: GIFTIG – alle Teile | BA093: GIFTIG! Alle Teile, besonders auffällige Früchte | BA340: GIFTIG! Alle Teile (Evatropin) | BA373: GIFTIG! Kardiogene Glykoside"
"petroselinum crispum",6,"0/1","ja",1,"H062 Petersilie (Flach) (tox 1)","H001 H062 H063 HP057 HP235 HP330","Petersilie (Wild) [tox 0, essbar] | Petersilie (Flach) [tox 1, essbar] | Petersilie (Kraus) [tox 0, essbar] | Echte Petersilie [tox 1, essbar] | Petersilie (Topf) [tox 0, essbar] | Petersilie [tox 0, essbar]",""
"leccinum scabrum",6,"0/1","ja",1,"F305 Birken-Rotkappe (tox 1)","F044 F078 F138 F305 PI075 PI416","Birkenröhrling [tox 0, essbar] | Birkenpilz [tox 0, essbar] | Echter Birkenpilz [tox 0, essbar] | Birken-Rotkappe [tox 1, essbar] | Speiseröhrling [tox 0, essbar] | Grauer Birkenpilz [tox 0, essbar]",""
"petasites hybridus",5,"0/1","nein",1,"P017 Pestwurz (tox 1)","P017 H020 W086 W327 K223","Pestwurz [tox 1] | Pestwurz-Extrakt [tox 1] | Gewöhnliche Pestwurz [tox 0] | Pestwurz-Pappel [tox 0] | Echte Pestwurz [tox 0]",""
"sorbus aucuparia",5,"0/1","ja",1,"T012 Vogelbeere / Eberesche (tox 1)","T012 T068 T122 BA051 BA259","Vogelbeere / Eberesche [tox 1, essbar] | Vogelbeere (Sorbus) [tox 1, essbar] | Vogelbeere (Eberesche) [tox 1, essbar] | Eberesche [tox 0, essbar] | Gewöhnliche Eberesche [tox 0, essbar]",""
"gyromitra esculenta",5,"3/4","nein",1,"F074 Lorchel (Frühjahrs) (tox 4)","F035 X305 F074 F106 PI472","Frühlingslorchel [tox 3] | Frühjahrslorchel [tox 3] | Lorchel (Frühjahrs) [tox 4] | Herbst-Lorchel [tox 3] | Echter Frühjahrslorchel [tox 4]","F035: GIFTIG! Gyromitrin. Verwechslung mit Morchel! Auch Dämpfe beim Kochen giftig. | X305: 🔴 GIFTIG (Gyromitrin)! Morchel = WABENFÖRMIG, Lorchel = HIRNFÖRMIG. NICHT essen | F074: GIFTIG – Gyromitrin (Methylhydrazin). Historisch tödlich. Beim Kochen entweicht  | F106: GIFTIG – Gyromitrinsäure | PI472: Giftig! Gyromitrin – Todesfälle bekannt!"
"artemisia vulgaris",5,"0/1","ja",1,"X301 Beifuss (tox 1)","X301 P099 W031 W047 W566","Beifuss [tox 1, essbar] | Beifuss (Echter) [tox 1, essbar] | Beifuß [tox 0, essbar] | Gemeiner Beifuß [tox 0, essbar] | Gemeiner Beifuss [tox 0, essbar]",""
"tussilago farfara",4,"0/1","ja/nein",1,"P016 Huflattich (tox 1)","P016 H033 K222 W472","Huflattich [tox 1, essbar] | Huflattich-Tee [tox 1, essbar] | Echter Huflattich [tox 0] | Gewöhnlicher Huflattich [tox 0]",""
"equisetum arvense",4,"0/1","nein",1,"P054 Acker-Schachtelhalm (tox 1)","P054 HP107 K013 K368","Acker-Schachtelhalm [tox 1] | Echter Ackerschachtelhalm [tox 1] | Schachtelhalm [tox 0] | Echter Schachtelhalm [tox 0]",""
"lonicera periclymenum",4,"1/2","nein",1,"P059 Waldgeissblatt (tox 2)","P059 T092 BA115 BA268","Waldgeissblatt [tox 2] | Geissblatt (Wald) [tox 2] | Gemeines Geissblatt [tox 1] | Wald-Geissblatt [tox 2]","P059: GIFTIG! Rote Beeren. Besonders für Kinder. | T092: Beeren giftig | BA268: Beeren giftig!"
"quercus robur",4,"0/1","ja/nein",1,"T052 Eiche (Stieleiche) (tox 1)","T008 T052 BA031 BA250","Stieleiche [tox 0] | Eiche (Stieleiche) [tox 1, essbar] | Gewöhnliche Eiche [tox 0] | Stiel-Eiche [tox 0]",""
"sambucus racemosa",4,"2/3","ja/nein",1,"BA339 Trauben-Holunder (tox 3)","T020 P145 BA090 BA339","Roter Holunder [tox 2] | Holunder (Roth) [tox 2, essbar] | Hirschholunder [tox 2, essbar] | Trauben-Holunder [tox 3]","T020: GIFTIG! Rote Beeren roh giftig. | P145: Roh schwach giftig (Übelkeit). Kerne enthalten Blausäureverbindungen. | BA090: Roh giftig! Nur nach Kochen geniessbar | BA339: Roh giftig! Sambunigrin"
"ligustrum vulgare",4,"2/3","nein",1,"T090 Liguster (Gewöhnlicher) (tox 3)","T030 T090 T109 BA404","Liguster [tox 2] | Liguster (Gewöhnlicher) [tox 3] | Gemeiner Liguster [tox 2] | Echter Gemeiner Liguster [tox 3]","T030: GIFTIG! Schwarze Beeren. | T090: Beeren giftig – Übelkeit, Erbrechen | T109: GIFTIG – schwarze Beeren | BA404: Giftig! Beeren (Ligustrin)"
"viburnum opulus",4,"2/3","nein",1,"T095 Gemeiner Schneeball (tox 3)","T036 T095 T110 K186","Traubenholunder [tox 2] | Gemeiner Schneeball [tox 3] | Gewöhnlicher Schneeball [tox 2] | Echter Schneeball [tox 2]","T036: GIFTIG! Rote Beeren. | T095: Roh giftig – Übelkeit, Erbrechen | T110: GIFTIG roh | K186: Früchte roh giftig!"
"euphorbia cyparissias",4,"3/4","nein",1,"P126 Wolfsmilch (Zypressen) (tox 4)","T050 P126 W298 W668","Wolfsmilch [tox 3] | Wolfsmilch (Zypressen) [tox 4] | Fingerblättrige Wolfsmilch [tox 3] | Gewöhnliche Wolfsmilch [tox 3]","T050: GIFTIG! Milchsaft hautreizend und giftig. | P126: GIFTIG – Latex verursacht schwere Haut-/Augenentzündungen | W298: GIFTIG! Weisslicher Milchsaft – Haut, Augen reizen | W668: Giftig! Milchsaft ätzend"
"armillaria mellea",4,"0/1","ja",1,"F007 Hallimasch (tox 1)","F007 PI073 PI266 PI_K005","Hallimasch [tox 1, essbar] | Honiggelber Hallimasch [tox 0, essbar] | Honig-Hallimasch [tox 0, essbar] | Hallimasch [tox 1, essbar]",""
"laetiporus sulphureus",4,"0/1","ja/nein",1,"F021 Schwefelporling (tox 1)","F021 F103 F134 PI388","Schwefelporling [tox 1, essbar] | Hühner-Porling [tox 0, essbar] | Schwefelpilz [tox 0, essbar] | Blauer Saftporling [tox 0]",""
"leccinum aurantiacum",4,"0/1","ja",1,"F306 Espen-Rotkappe (tox 1)","F043 F077 F139 F306","Rotkappenröhrling [tox 0, essbar] | Rotkappe [tox 0, essbar] | Espenpilz [tox 0, essbar] | Espen-Rotkappe [tox 1, essbar]",""
"borago officinalis",4,"0/1","ja",1,"HP134 Echter Borretsch (II) (tox 1)","X302 HP134 K129 K201","Borretsch [tox 0, essbar] | Echter Borretsch (II) [tox 1, essbar] | Echter Borretsch [tox 0, essbar] | Echtes Boretsch [tox 0, essbar]",""
"lotus corniculatus",4,"0/1","ja/nein",1,"P103 Hornklee (Gewöhnlicher) (tox 1)","P103 P174 W099 K326","Hornklee (Gewöhnlicher) [tox 1] | Hornklee [tox 0, essbar] | Gewöhnlicher Hornklee [tox 0] | Echter Hornklee [tox 0]",""
"dracaena marginata",4,"1/2","nein",1,"HP012 Drachenbaumgewächs (Dracaena) (tox 2)","HP012 H075 HP253 HP394","Drachenbaumgewächs (Dracaena) [tox 2] | Drachenpflanze (klein) [tox 1] | Drachen-Baum [tox 2] | Echter Dracaena marginata [tox 2]","HP012: Giftig für Haustiere (besonders Katzen) | HP253: Giftig für Katzen und Hunde | HP394: Giftig für Katzen"
"galium odoratum",4,"0/1","ja",1,"P185 Waldmeister (tox 1)","P185 P227 HP099 K376","Waldmeister [tox 1, essbar] | Waldmeister (doppelt) [tox 1, essbar] | Waldmeister (Kraut) [tox 1, essbar] | Echter Waldmeister [tox 0, essbar]",""
"alisma plantago",4,"0/1","nein",1,"HP131 Echter Froschlöffel (tox 1)","HP131 W077 A075 FD0557","Echter Froschlöffel [tox 1] | Gemeiner Froschlöffel [tox 0] | Gewöhnlicher Froschlöffel [tox 1] | Froschlöffel [tox 0]",""
"cytisus scoparius",4,"2/3","nein",1,"W145 Besenginster (tox 3)","H094 W145 HP283 W754","Echter Ginsterstrauch [tox 2] | Besenginster [tox 3] | Zierspartei [tox 2] | Schottischer Ginster [tox 2]","H094: GIFTIG | W145: Giftig! Spartein-Alkaloide in Samen und Blüten | HP283: Giftig! Spartein | W754: Giftig! Spartein, Isospartein"
"suillellus luridus",4,"0/1","ja",1,"F291 Netzstieliger Hexen-Röhrling (tox 1)","F291 PI099 PI325 PI350","Netzstieliger Hexen-Röhrling [tox 1, essbar] | Netzstieliger Hexenröhrling [tox 0, essbar] | Netzhexe [tox 1, essbar] | Hexenröhrling (Lurid) [tox 1, essbar]",""
"angelica archangelica",3,"0/1","ja/nein",1,"HP130 Echter Engelwurz (tox 1)","P004 HP130 K394","Echte Engelwurz [tox 0, essbar] | Echter Engelwurz [tox 1] | Echter Arznei-Engelwurz [tox 0, essbar]",""
"berberis vulgaris",3,"0/1","ja",1,"T148 Berberitze (tox 1)","T021 T148 BA358","Gewöhnliche Berberitze [tox 0, essbar] | Berberitze [tox 1, essbar] | Echter Berberitze [tox 0, essbar]",""
"ile aquifolium",3,"2/3","nein",1,"T116 Gewöhnliche Stechpalme (tox 3)","T022 T116 W285","Stechpalme [tox 2] | Gewöhnliche Stechpalme [tox 3] | Europäische Stechpalme [tox 3]","T022: GIFTIG! Rote Beeren. | T116: GIFTIG – rote Beeren | W285: GIFTIG! Früchte für Kinder"
"quercus petraea",3,"0/1","ja/nein",1,"T053 Eiche (Trauben) (tox 1)","T041 T053 BA326","Traubeneiche [tox 0] | Eiche (Trauben) [tox 1, essbar] | Trauben-Eiche [tox 0]",""
"ranunculus repens",3,"2/3","nein",1,"P121 Hahnenfuss (Kriechender) (tox 3)","P121 W052 W694","Hahnenfuss (Kriechender) [tox 3] | Kriechender Hahnenfuß [tox 2] | Kriechender Hahnenfuss [tox 2]","P121: GIFTIG – Protoanemonin verursacht Blasen auf Schleimhäuten | W052: Giftig frisch! Protoanemonin – Hautblasen möglich | W694: Giftig roh! Protoanemonin"
"cornus sanguinea",3,"1/2","nein",1,"T078 Roter Hartriegel (tox 2)","T078 K187 BA323","Roter Hartriegel [tox 2] | Gewöhnlicher Hartriegel [tox 1] | Blutroter Hartriegel [tox 2]","T078: Früchte leicht giftig – Übelkeit | BA323: Beeren giftig! Magenreizend"
"russula emetica",3,"2/3","nein",1,"PI034 Gifttäubling (tox 3)","F060 PI034 PI370","Brech-Täubling [tox 2] | Gifttäubling [tox 3] | Echter Ziegelroter Täubling [tox 3]","F060: Giftig – Erbrechen, Durchfall. Schärfe ist Warnung! Alle scharfen Täublinge meid | PI034: Giftig: Übelkeit, Erbrechen, Durchfall | PI370: Giftig! Scharf-brennend; Erbrechen"
"yucca elephantipes",3,"0/1","nein",1,"HP011 Yucca Palme (tox 1)","HP011 HP156 HP266","Yucca Palme [tox 1] | Yucca Palmlilie [tox 0] | Yucca-Palme [tox 1]",""
"tradescantia zebrina",3,"0/1","nein",1,"HP027 Zimmerpflanze Tradescantia (tox 1)","HP027 HP201 HP390","Zimmerpflanze Tradescantia [tox 1] | Tradescantia [tox 0] | Echter Tradescantia [tox 0]",""
"adenium obesum",3,"3/4","nein",1,"HP038 Zimmerpflanze Adenium (tox 4)","HP038 H081 HP269","Zimmerpflanze Adenium [tox 4] | Wüstenrose (kl.) [tox 3] | Wüstenrose [tox 4]","HP038: STARK GIFTIG! Alle Teile, Milchsaft hautreizend | H081: GIFTIG – alle Teile | HP269: GIFTIG! Herzglykoside im Milchsaft"
"scleroderma citrinum",3,"2/3","nein",1,"PI055 Hartbovist (tox 3)","F132 PI055 PI505","Samtiger Erdwarzenpilz [tox 2] | Hartbovist [tox 3] | Echter Hartbovist [tox 3]","F132: GIFTIG | PI055: Giftig: Sclerodermatin – Magen-Darm-Beschwerden | PI505: Giftig! Schwarz innen!"
"armoracia rusticana",3,"0/1","ja",1,"HP061 Gewöhnlicher Meerrettich (tox 1)","HP061 W199 K149","Gewöhnlicher Meerrettich [tox 1, essbar] | Meerrettich [tox 0, essbar] | Echter Meerrettich [tox 0, essbar]",""
"oxalis acetosella",3,"0/1","ja",1,"HP083 Wald-Sauerklee (tox 1)","HP083 HP143 W171","Wald-Sauerklee [tox 1, essbar] | Echter Sauerklee (II) [tox 1, essbar] | Knoblauch-Sauerklee [tox 0, essbar]",""
"senecio vulgaris",3,"1/2","nein",1,"W318 Gewöhnliches Kreuzkraut (tox 2)","HP110 W318 W817","Gemeines Kreuzkraut [tox 1] | Gewöhnliches Kreuzkraut [tox 2] | Gemeines Greiskraut [tox 2]","W318: Schwach giftig (Pyrrolizidinalkaloide) | W817: Pyrrolizidinalkaloide! Lebergiftig"
"sansevieria trifasciata",3,"1/2","nein",1,"HP162 Sansevieria (tox 2)","H071 HP162 HP256","Bogenhanf (gross) [tox 1] | Sansevieria [tox 2] | Bogenhanf [tox 2]","HP162: Giftig für Haustiere | HP256: Giftig für Katzen und Hunde"
"coprinellus micaceus",3,"0/1","ja",1,"F268 Glimmer-Tintling (tox 1)","F268 PI166 PI517","Glimmer-Tintling [tox 1, essbar] | Glimmertintling [tox 0, essbar] | Echter Glimmer-Tintenling [tox 1, essbar]",""
"sarcodon imbricatus",3,"0/1","ja",1,"F296 Habichtspilz (Rehpilz) (tox 1)","F296 PI198 PI456","Habichtspilz (Rehpilz) [tox 1, essbar] | Habichtspilz [tox 0, essbar] | Gemeiner Korkstacheling [tox 0, essbar]",""
"ramaria botrytis",3,"0/1","ja",1,"F297 Hahnenkamm-Koralle (tox 1)","F297 PI145 PI376","Hahnenkamm-Koralle [tox 1, essbar] | Hahnenkamm [tox 0, essbar] | Kirschrote Koralle [tox 0, essbar]",""
"aethusa cynapium",3,"4/5","nein",1,"K397 Echter Hundspetersilie (tox 5)","W186 W289 K397","Hundspetersilie [tox 4] | Hunds-Petersilie [tox 4] | Echter Hundspetersilie [tox 5]","W186: GIFTIG! Cynapium – Übelkeit, Krämpfe | W289: GIFTIG! Cynapium – Übelkeit, Krämpfe | K397: HOCHGIFTIG! Täuschend ähnlich der Petersilie!"
"lactarius piperatus",3,"2/3","nein",1,"PI497 Echter Weisser Milchling (tox 3)","PI079 PI217 PI497","Weisser Milchling [tox 2] | Pfefferling [tox 2] | Echter Weisser Milchling [tox 3]","PI079: Sehr scharf, roh giftig | PI217: Sehr scharf, Magen reizend | PI497: Extrem scharf, giftig"
"anthriscus sylvestris",2,"1/2","ja/nein",1,"P005 Wiesenkerbel (tox 2)","P005 HP105","Wiesenkerbel [tox 2] | Echter Wiesenkerbel [tox 1, essbar]","P005: GIFTIG! Verwechslung mit essbaren Doldenblütlern. Alle Teile giftig."
"daphne mezereum",2,"4/5","nein",1,"P168 Seidelbast (tox 5)","P029 P168","Echter Seidelbast [tox 4] | Seidelbast [tox 5]","P029: 🔴 STARK GIFTIG! Alle Teile, besonders Beeren. Schon wenige Beeren für Kinder le | P168: ☠️ LEBENSGEFÄHRLICH! 12 Beeren können einen Erwachsenen töten. Hautkontakt verur"
"digitalis purpurea",2,"3/4","nein",1,"P038 Roter Fingerhut (tox 4)","P038 X311","Roter Fingerhut [tox 4] | Fingerhut (Roter) [tox 3]","P038: 🔴 STARK GIFTIG! Herzglykosid. Alle Teile. Bei Vergiftung Notruf 145. | X311: 🔴 STARK GIFTIG! Herzglykoside. Schon wenige Blätter können tödlich sein. Herzra"
"prunus padus",2,"1/2","ja/nein",1,"T072 Traubenkirsche (Prunus) (tox 2)","T045 T072","Traubenkirsche [tox 1] | Traubenkirsche (Prunus) [tox 2, essbar]","T072: Kerne enthalten Blausäure!"
"lactarius pubescens",2,"1/2","ja/nein",1,"PI260 Birken-Milchling (tox 2)","F020 PI260","Birkenreizker [tox 1, essbar] | Birken-Milchling [tox 2]","PI260: Scharf, giftig roh"
"paxillus involutus",2,"3/4","nein",1,"PI309 Wasser-Krempling (tox 4)","F032 PI309","Kahler Krempling [tox 3] | Wasser-Krempling [tox 4]","F032: GIFTIG (kumulativ)! Immunhämolyse nach mehrmaligem Essen. | PI309: GIFTIG! Paxillin – hämolytische Anämie, auch nach Jahren!"
"agaricus xanthodermus",2,"2/3","nein",1,"PI439 Stink-Champignon (tox 3)","F033 PI439","Karbol-Champignon [tox 2] | Stink-Champignon [tox 3]","F033: GIFTIG! Gilbt an Basis, Karbolgeruch = nicht essen! | PI439: Giftig! Karbolchampignon-Gruppe"
"caltha palustris",2,"2/3","nein",1,"P120 Sumpfdotterblume (tox 3)","P120 P224","Sumpfdotterblume [tox 3] | Sumpf-Dotterblume [tox 2]","P120: GIFTIG – enthält Protoanemonin. Alle Teile giftig! | P224: GIFTIG"
"cyclamen purpurascens",2,"3/4","nein",1,"P132 Alpenveilchen (Wild) (tox 4)","P132 W257","Alpenveilchen (Wild) [tox 4] | Alpenveilchen [tox 3]","P132: GIFTIG, besonders die Knollen. Geschützte Art! | W257: Giftig! Saponine in der Knolle"
"ruscus aculeatus",2,"1/2","nein",1,"P146 Mäusedorn (tox 2)","P146 HP129","Mäusedorn [tox 2] | Echter Mäusedorn [tox 1]","P146: Beeren leicht giftig. Geschützte Art!"
"arctostaphylos uva",2,"0/1","nein",1,"P152 Bärentraube (tox 1)","P152 FD1029","Bärentraube [tox 1] | Bärentraube [tox 0]",""
"equisetum palustre",2,"2/3","nein",1,"P164 Sumpf-Schachtelhalm (tox 3)","P164 W227","Sumpf-Schachtelhalm [tox 3] | Sumpfschachtelhalm [tox 2]","P164: GIFTIG – besonders für Pferde. Rinder werden lahm. | W227: Giftig für Weidevieh (Pferdeschwanz-Krankheit)"
"ficus elastica",2,"1/2","nein",1,"HP005 Gummibaum (tox 2)","HP005 H073","Gummibaum [tox 2] | Echter Gummibaum (Burgundy) [tox 1]","HP005: Milchsaft giftig und hautreizend (Latexallergie!)"
"clivia miniata",2,"2/3","nein",1,"HP028 Zimmerpflanze Clivia (tox 3)","HP028 HP277","Zimmerpflanze Clivia [tox 3] | Klivie [tox 2]","HP028: Giftig! Alle Teile, besonders Wurzeln | HP277: Giftig! Lycorin – Erbrechen, Krämpfe"
"strelitzia reginae",2,"0/1","nein",1,"HP037 Zimmerpflanze Strelitzie (tox 1)","HP037 HP345","Zimmerpflanze Strelitzie [tox 1] | Strelitzie [tox 0]",""
"pulsatilla vulgaris",2,"2/3","nein",1,"W456 Kuhschelle (tox 3)","P225 W456","Küchenschelle [tox 2] | Kuhschelle [tox 3]","P225: GIFTIG und GESCHÜTZT! | W456: Giftig! Protoanemonin – Alle Teile"
"saponaria officinalis",2,"1/2","nein",1,"W112 Seifenkraut (tox 2)","P250 W112","Gemeines Seifenkraut [tox 1] | Seifenkraut [tox 2]","W112: Giftig in grossen Mengen (Saponine)"
"rhamnus cathartica",2,"2/3","nein",1,"BA134 Purgierstrauch (tox 3)","T141 BA134","Echter Kreuzdorn [tox 2] | Purgierstrauch [tox 3]","T141: STARK abführend! | BA134: GIFTIG: Beeren stark abführend, giftig"
"hypholoma fasciculare",2,"2/3","nein",1,"F265 Grünblättriger Schwefelkopf (tox 3)","F095 F265","Schwefelkopf [tox 2] | Grünblättriger Schwefelkopf [tox 3]","F095: GIFTIG | F265: GIFTIG! Grüngelbe Lamellen = sicheres Zeichen. Immer grüngelbe Lamellen prüfen v"
"tricholoma pardinum",2,"3/4","nein",1,"PI311 Tigerritterling (tox 4)","F124 PI311","Tiger-Ritterling [tox 3] | Tigerritterling [tox 4]","F124: GIFTIG | PI311: Giftig: schwere Magen-Darm-Beschwerden"
"hebeloma crustuliniforme",2,"2/3","nein",1,"PI520 Echter Rettich-Fälbling (tox 3)","F127 PI520","Rettichfälbling [tox 2] | Echter Rettich-Fälbling [tox 3]","F127: GIFTIG | PI520: Giftig! Rettich-ähnlicher Geruch"
"boletus calopus",2,"1/2","nein",1,"F146 Echter Blaupunkt-Röhrling (tox 2)","F146 F292","Echter Blaupunkt-Röhrling [tox 2] | Dickfuss-Röhrling [tox 1]","F146: GIFTIG – bitter, magen-darmgiftig"
"tapinella atrotomentosa",2,"1/2","nein",1,"PI230 Glatter Krempling (tox 2)","F157 PI230","Echter Weicher Krempling [tox 1] | Glatter Krempling [tox 2]","PI230: Giftig: Atromentin"
"tapinella panuoides",2,"1/2","nein",1,"PI318 Samtfuss-Krempling (tox 2)","F166 PI318","Echter Schönfuss [tox 1] | Samtfuss-Krempling [tox 2]","PI318: Giftig: Muskelkrämpfe"
"macrolepiota rhacodes",2,"0/1","ja",1,"F252 Safran-Schirmpilz (tox 1)","F167 F252","Echter Riesen-Schirmling [tox 0, essbar] | Safran-Schirmpilz [tox 1, essbar]",""
"ramaria stricta",2,"0/1","nein",1,"F171 Echter Ziegenbart (tox 1)","F171 PI367","Echter Ziegenbart [tox 1] | Echter Korallenpilz [tox 0]",""
"lepiota cristata",2,"3/4","nein",1,"PI333 Grosser Schirmling (Brauner) (tox 4)","F172 PI333","Echter Gemeinwiesenschirmling [tox 3] | Grosser Schirmling (Brauner) [tox 4]","F172: GIFTIG | PI333: Giftig! Amatoxine in kleinen Schirmlingen!"
"melilotus albus",2,"0/1","ja/nein",1,"HP116 Echter Weisser Steinklee (tox 1)","HP116 W106","Echter Weisser Steinklee [tox 1, essbar] | Weisser Steinklee [tox 0]",""
"cannabis sativa",2,"0/1","nein",1,"HP135 Echter Hanf (CBD) (tox 1)","HP135 K324","Echter Hanf (CBD) [tox 1] | Echter Hanf [tox 0]",""
"thuja occidentalis",2,"1/2","nein",1,"BA015 Lebensbaum (tox 2)","BA015 BA282","Lebensbaum [tox 2] | Gewöhnlicher Lebensbaum [tox 1]","BA015: Alle Teile giftig!"
"delphinium elatum",2,"3/4","nein",1,"W710 Garten-Rittersporn (tox 4)","K103 W710","Echter Lärm-Rittersporn [tox 3] | Garten-Rittersporn [tox 4]","K103: Giftig! Delphinin-Alkaloide | W710: GIFTIG! Diterpen-Alkaloide"
"prunus laurocerasus",2,"3/4","nein",1,"BA399 Echter Kirschlorbeer (tox 4)","BA101 BA399","Kirschlorbeer [tox 3] | Echter Kirschlorbeer [tox 4]","BA101: 🚫 VERKAUFSVERBOT (FrSV 2024, Anhang 2.2): Kauf/Verkauf verboten. Privatgärten b | BA399: 🚫 VERKAUFSVERBOT (FrSV 2024, Anhang 2.2): Kauf/Verkauf verboten. Privatgärten b"
"calystegia sepium",2,"1/2","nein",1,"W729 Zaunwinde (tox 2)","W205 W729","Zaun-Winde [tox 1] | Zaunwinde [tox 2]","W729: Schwach giftig: Convolvulin"
"linaria vulgaris",2,"1/2","nein",1,"W706 Gemeines Leinkraut (tox 2)","W260 W706","Gewöhnliches Leinkraut [tox 1] | Gemeines Leinkraut [tox 2]","W706: Schwach giftig: Linariin"
"euphorbia esula",2,"2/3","nein",1,"W670 Scharfe Wolfsmilch (tox 3)","W300 W670","Wiesenwolfsmilch [tox 2] | Scharfe Wolfsmilch [tox 3]","W300: Giftig! Milchsaft – Haut und Augen reizen | W670: Giftig! Milchsaft ätzend"
"anthemis cotula",2,"1/2","nein",1,"W811 Hundsparille (tox 2)","W323 W811","Stinkende Hundskamille [tox 1] | Hundsparille [tox 2]","W811: Hautreizend, schwach giftig"
"lepiota clypeolaria",2,"3/4","nein",1,"PI345 Pilularis-Schirmling (tox 4)","PI116 PI345","Samtiger Schirmling [tox 3] | Pilularis-Schirmling [tox 4]","PI116: Giftig! Lepiota-Arten sind gefährlich | PI345: Giftig! Amatoxine"
"cotinus coggygria",2,"0/1","nein",1,"BA131 Lorbeersumach (tox 1)","BA131 BA394","Lorbeersumach [tox 1] | Echter Perückenstrauch [tox 0]",""
"berberis thunbergii",2,"0/1","nein",1,"BA410 Echter Berberitzenstrauch (tox 1)","BA208 BA410","Stachelschwein-Berberitze [tox 0] | Echter Berberitzenstrauch [tox 1]",""
"brassica oleracea",7,"0","ja/nein",0,"G023 Broccoli (tox 0)","G023 G024 G025 G026 G027 G036 FD0778","Broccoli [tox 0, essbar] | Blumenkohl [tox 0, essbar] | Rosenkohl [tox 0, essbar] | Weisskohl [tox 0, essbar] | Kohlrabi [tox 0, essbar] | Wirz (Wirsing) [tox 0, essbar] | Kohl [tox 0]",""
"impatiens noli",6,"0","ja/nein",0,"P097 Springkraut (Echtes) (tox 0)","P097 W048 W212 W661 K389 FD0197","Springkraut (Echtes) [tox 0, essbar] | Kleines Springkraut [tox 0, essbar] | Echtes Springkraut [tox 0, essbar] | Grosser Springkraut [tox 0] | Echter Springkraut [tox 0] | Springkraut [tox 0]",""
"leucanthemum vulgare",6,"0","ja/nein",0,"P160 Margerite (Grosse) (tox 0)","P160 P172 P198 W016 W325 W812","Margerite (Grosse) [tox 0, essbar] | Wiesen-Margerite [tox 0, essbar] | Magerwiesen-Margerite [tox 0, essbar] | Margerite [tox 0] | Gemeine Wucherblume [tox 0] | Gemeine Margerite [tox 0]",""
"sanguisorba officinalis",5,"0","ja/nein",0,"P008 Echter Wiesenknopf (tox 0)","P008 HP108 W381 W665 W779","Echter Wiesenknopf [tox 0, essbar] | Echter Wiesenknopf (gr.) [tox 0, essbar] | Wiesenknopf [tox 0] | Grosses Wiesenknopf [tox 0] | Grosser Wiesenknopf [tox 0]",""
"matricaria chamomilla",5,"0","ja/nein",0,"P013 Echte Kamille (tox 0)","P013 H021 H042 P115 W807","Echte Kamille [tox 0] | Echte Kamille (Tee) [tox 0] | Kamille-Tinktur [tox 0] | Kamille (Echte) [tox 0, essbar] | Echter Kamille [tox 0, essbar]",""
"betula pendula",5,"0","ja/nein",0,"T014 Hängebirke (tox 0)","T014 X313 T064 BA143 BA419","Hängebirke [tox 0, essbar] | Hänge-Birke [tox 0, essbar] | Birke (Sand) [tox 0, essbar] | Birke (Hänge) [tox 0] | Echter Hänge-Birke [tox 0]",""
"lavandula angustifolia",5,"0","ja/nein",0,"H007 Lavendel (tox 0)","H007 H038 H056 K057 HP238","Lavendel [tox 0, essbar] | Lavendel-Öl [tox 0] | Lavendel (Echter) [tox 0, essbar] | Echter Lavendel [tox 0] | Lavendel (Topf) [tox 0]",""
"solidago virgaurea",4,"0","ja/nein",0,"P020 Goldrute (tox 0)","P020 H040 HP091 K137","Goldrute [tox 0] | Goldruten-Tee [tox 0] | Echte Goldrute [tox 0, essbar] | Wiesen-Goldenrod [tox 0]",""
"gentiana lutea",4,"0","ja/nein",0,"P040 Echter Gelber Enzian (tox 0)","P040 P215 HP109 W007","Echter Gelber Enzian [tox 0] | Echter Enzian [tox 0, essbar] | Echter Enzian (Kraut) [tox 0, essbar] | Gelber Enzian [tox 0]",""
"alchemilla vulgaris",4,"0","ja/nein",0,"P057 Frauenmantel (tox 0)","P057 H029 P193 W263","Frauenmantel [tox 0, essbar] | Frauenmantel (Tee) [tox 0] | Echter Frauenmantel [tox 0, essbar] | Gewöhnlicher Frauenmantel [tox 0]",""
"ajuga reptans",4,"0","ja/nein",0,"P060 Günsel (tox 0)","P060 P197 K400 W721","Günsel [tox 0, essbar] | Kriechender Günsel [tox 0, essbar] | Echter Günsel [tox 0] | Kriechende Günsel [tox 0]",""
"valeriana officinalis",4,"0","ja/nein",0,"P063 Baldrian (tox 0)","P063 P194 P249 W675","Baldrian [tox 0] | Echter Baldrian [tox 0, essbar] | Echter Baldrian (nochmals) [tox 0, essbar] | Gewöhnlicher Baldrian [tox 0]",""
"salvia pratensis",4,"0","ja/nein",0,"P069 Wiesensalbei (tox 0)","P069 H026 K074 K108","Wiesensalbei [tox 0, essbar] | Wiesensalbei (Wild) [tox 0, essbar] | Wiesen-Salbei [tox 0] | Echter Wiesensalbei [tox 0]",""
"pinus mugo",4,"0","ja/nein",0,"T005 Bergkiefer / Latsche (tox 0)","T005 T085 T135 BA038","Bergkiefer / Latsche [tox 0] | Bergkiefer (Latsche) [tox 0, essbar] | Bergföhre [tox 0, essbar] | Bergkiefer [tox 0]",""
"fagus sylvatica",4,"0","ja/nein",0,"T007 Rotbuche (tox 0)","T007 BA033 BA248 BA249","Rotbuche [tox 0, essbar] | Buche [tox 0] | Rot-Buche [tox 0, essbar] | Rotbuche (Blutbuche) [tox 0, essbar]",""
"sali caprea",4,"0","ja/nein",0,"T033 Salweide (tox 0)","T033 T062 T146 BA239","Salweide [tox 0] | Weide (Sal) [tox 0] | Palmweide [tox 0] | Sal-Weide [tox 0, essbar]",""
"geranium robertianum",4,"0","ja/nein",0,"P128 Blutkraut (tox 0)","P128 W180 K371 K399","Blutkraut [tox 0, essbar] | Stinkender Storchschnabel [tox 0] | Echter Storchschnabel [tox 0] | Echter Storchschnabel (Rotes) [tox 0]",""
"crepis biennis",4,"0","ja/nein",0,"P199 Wiesenpippau (tox 0)","P199 HP141 K097 W557","Wiesenpippau [tox 0, essbar] | Echter Wiesenpippau [tox 0, essbar] | Echter Weisser Pippau [tox 0] | Gewöhnlicher Pippau [tox 0]",""
"myosotis arvensis",4,"0","ja/nein",0,"P244 Gemeines Vergissmeinnicht (tox 0)","P244 K104 W482 W773","Gemeines Vergissmeinnicht [tox 0, essbar] | Echter Vergissmeinnicht [tox 0] | Feld-Vergissmeinnicht [tox 0] | Acker-Vergissmeinnicht [tox 0]",""
"tremella mesenterica",4,"0","ja/nein",0,"F130 Ohrenpilz (gelb) (tox 0)","F130 PI016 PI249 PI298","Ohrenpilz (gelb) [tox 0, essbar] | Gelbe Tremella [tox 0] | Goldenes Judasohr [tox 0] | Gemeiner Gallertzitterling [tox 0]",""
"polypodium vulgare",4,"0","ja/nein",0,"HP114 Echter Tüpfelfarn (tox 0)","HP114 W236 K175 K256","Echter Tüpfelfarn [tox 0, essbar] | Tüpfelfarn [tox 0] | Gemeiner Tüpfelfarn [tox 0] | Gewöhnlicher Tüpfelfarn [tox 0]",""
"beta vulgaris",4,"0","ja/nein",0,"G011 Mangold (tox 0)","G011 G014 K229 FD0720","Mangold [tox 0, essbar] | Randen (Rote Bete) [tox 0, essbar] | Gewöhnlicher Schnittmangold [tox 0, essbar] | Runkelrübe [tox 0]",""
"silene vulgaris",4,"0","ja/nein",0,"W070 Leimkraut (tox 0)","W070 W304 W610 K390","Leimkraut [tox 0] | Taubenkropf [tox 0] | Gewöhnliches Leimkraut [tox 0, essbar] | Echter Taubenkropf [tox 0, essbar]",""
"picea abies",3,"0","ja/nein",0,"T001 Fichte (tox 0)","T001 BA034 BA308","Fichte [tox 0, essbar] | Gewöhnliche Fichte [tox 0] | Hänge-Ast Serbische Fichte [tox 0]",""
"acer campestre",3,"0","ja/nein",0,"T042 Feldahorn (tox 0)","T042 BA333 BA378","Feldahorn [tox 0] | Feld-Ahorn [tox 0, essbar] | Echter Meerbuche (Feldahorn) [tox 0, essbar]",""
"phyteuma spicatum",3,"0","ja/nein",0,"H030 Teufelskralle (tox 0)","H030 W653 W655","Teufelskralle [tox 0, essbar] | Schopf-Teufelskralle [tox 0] | Gewöhnliche Rapunzel [tox 0, essbar]",""
"calluna vulgaris",3,"0","ja/nein",0,"P153 Heidekraut (Calluna) (tox 0)","P153 P234 K134","Heidekraut (Calluna) [tox 0, essbar] | Heidekraut [tox 0, essbar] | Gemeines Heidekraut [tox 0]",""
"monstera deliciosa",3,"2","ja/nein",0,"HP001 Monstera (tox 2)","HP001 HP258 HP385","Monstera [tox 2] | Fensterblatt [tox 2, essbar] | Echter Monstera Thai Constellation [tox 2]","HP001: Blätter giftig für Haustiere (Hunde, Katzen) | HP258: GIFTIG ausser überreife Frucht (Raphidkristalle) | HP385: Giftig! Raphidkristalle"
"echinacea purpurea",3,"0","ja/nein",0,"HP051 Echinacea (tox 0)","HP051 K054 HP231","Echinacea [tox 0, essbar] | Roter Sonnenhut [tox 0] | Sonnenhut (Topf) [tox 0]",""
"melilotus officinalis",3,"0","ja/nein",0,"HP068 Echter Steinklee (tox 0)","HP068 W105 W756","Echter Steinklee [tox 0, essbar] | Steinklee [tox 0] | Echter Steinklee (Gelb) [tox 0, essbar]",""
"lysimachia nummularia",3,"0","ja/nein",0,"HP081 Wiesenpfennigkraut (tox 0)","HP081 HP113 W076","Wiesenpfennigkraut [tox 0, essbar] | Wiesenpfennigkraut (II) [tox 0, essbar] | Pfennigkraut [tox 0]",""
"phragmites australis",3,"0","ja/nein",0,"A036 Schilfrohr (tox 0)","A036 W190 A073","Schilfrohr [tox 0, essbar] | Schilf [tox 0] | Gewöhnlicher Schilf [tox 0]",""
"raphanus raphanistrum",3,"0","ja/nein",0,"W170 Ackerkohl (tox 0)","W170 W573 W574","Ackerkohl [tox 0] | Acker-Rettich [tox 0, essbar] | Gewöhnlicher Hederich [tox 0, essbar]",""
"prunus cerasifera",3,"0","ja/nein",0,"BA082 Zierpflaume (tox 0)","BA082 BA297 BA315","Zierpflaume [tox 0, essbar] | Blut-Pflaume [tox 0] | Zuckerpflaume [tox 0, essbar]",""
"verbascum thapsus",2,"0","ja/nein",0,"P052 Königskerze (Grosse) (tox 0)","P052 W392","Königskerze (Grosse) [tox 0, essbar] | Gewöhnliche Königskerze [tox 0]",""
"abies alba",2,"0","ja/nein",0,"T002 Weisstanne (tox 0)","T002 BA035","Weisstanne [tox 0, essbar] | Weisrtanne [tox 0]",""
"ulmus glabra",2,"0","ja/nein",0,"T043 Berg-Ulme (tox 0)","T043 T057","Berg-Ulme [tox 0] | Ulme (Berg) [tox 0, essbar]",""
"veronica officinalis",2,"0","ja/nein",0,"H028 Ehrenpreis (Tee) (tox 0)","H028 W078","Ehrenpreis (Tee) [tox 0, essbar] | Echter Ehrenpreis [tox 0]",""
"centaurea jacea",2,"0","ja/nein",0,"P156 Wiesenflockenblume (tox 0)","P156 W314","Wiesenflockenblume [tox 0, essbar] | Gewöhnliche Flockenblume [tox 0]",""
"crocus sativus",2,"0","ja/nein",0,"H065 Safran (tox 0)","H065 HP282","Safran [tox 0, essbar] | Krokusse [tox 0]",""
"anthyllis vulneraria",2,"0","ja/nein",0,"P173 Echter Wundklee (tox 0)","P173 W485","Echter Wundklee [tox 0, essbar] | Wundklee [tox 0]",""
"viola tricolor",2,"0","ja/nein",0,"P176 Acker-Stiefmütterchen (tox 0)","P176 W063","Acker-Stiefmütterchen [tox 0, essbar] | Wilde Stiefmütterchen [tox 0]",""
"euphrasia officinalis",2,"0","ja/nein",0,"P196 Echter Augentrost (tox 0)","P196 K193","Echter Augentrost [tox 0, essbar] | Gemeiner Augentrost [tox 0]",""
"stellaria holostea",2,"0","ja/nein",0,"P239 Grosse Sternmiere (tox 0)","P239 W518","Grosse Sternmiere [tox 0, essbar] | Berg-Sternmiere [tox 0]",""
"robinia pseudoacacia",2,"2","ja/nein",0,"T129 Robinie (tox 2)","T129 BA078","Robinie [tox 2] | Gewöhnliche Robinie [tox 2, essbar]","T129: Rinde giftig! | BA078: Rinde, Samen und Wurzeln giftig! Nur Blüten essbar"
"verbena officinalis",2,"0","ja/nein",0,"HP112 Echter Eisenkraut (tox 0)","HP112 K015","Echter Eisenkraut [tox 0, essbar] | Eisenkraut [tox 0]",""
"medicago lupulina",2,"0","ja/nein",0,"HP115 Echter Hopfenklee (tox 0)","HP115 W108","Echter Hopfenklee [tox 0, essbar] | Hopfenklee [tox 0]",""
"hieracium lachenalii",2,"0","ja/nein",0,"HP117 Gemeines Habichtskraut (tox 0)","HP117 W563","Gemeines Habichtskraut [tox 0, essbar] | Steifhaariges Habichtskraut [tox 0]",""
"pimpinella saxifraga",2,"0","ja/nein",0,"HP123 Echter Bibernell (tox 0)","HP123 K069","Echter Bibernell [tox 0, essbar] | Gewöhnliche Bibernelle [tox 0]",""
"schoenoplectus lacustris",2,"0","ja/nein",0,"A037 Teichbinse (tox 0)","A037 W141","Teichbinse [tox 0, essbar] | Echte Sumpfbinse [tox 0]",""
"lactarius vellereus",2,"2","ja/nein",0,"F282 Wolliger Milchling (tox 2)","F282 PI220","Wolliger Milchling [tox 2, essbar] | Samtiger Milchling [tox 2]","F282: ROH STARK SCHARF! Nur nach langer Vorbehandlung. Für viele nicht empfehlenswert. | PI220: Scharf, giftig"
"cucurbita pepo",2,"0","ja/nein",0,"G003 Zucchini (tox 0)","G003 FD0515","Zucchini [tox 0, essbar] | Kürbis [tox 0]",""
"lactuca sativa",2,"0","ja/nein",0,"G009 Kopfsalat (tox 0)","G009 FD1263","Kopfsalat [tox 0, essbar] | Lattich [tox 0]",""
"raphanus sativus",2,"0","ja/nein",0,"G016 Radieschen (tox 0)","G016 FD0810","Radieschen [tox 0, essbar] | Rettich [tox 0]",""
"coffea arabica",2,"0","ja/nein",0,"HP177 Kaffeestrauch (tox 0)","HP177 HP290","Kaffeestrauch [tox 0] | Kaffeepflanze [tox 0, essbar]",""
"silene dioica",2,"0","ja/nein",0,"W302 Rote Lichtnelke (tox 0)","W302 W611","Rote Lichtnelke [tox 0] | Rotes Leimkraut [tox 0, essbar]",""
"plantago media",2,"0","ja/nein",0,"W356 Gräser-Wegerich (tox 0)","W356 W657","Gräser-Wegerich [tox 0] | Mittel-Wegerich [tox 0, essbar]",""
"acer saccharinum",2,"0","ja/nein",0,"BA155 Silberahorn (tox 0)","BA155 BA334","Silberahorn [tox 0] | Silber-Ahorn [tox 0, essbar]",""
"clavariadelphus pistillaris",2,"0","ja/nein",0,"PI423 Buchen-Lederkoralle (tox 0)","PI423 PI_K008","Buchen-Lederkoralle [tox 0] | Herkuleskeule [tox 0, essbar]",""
"prunus mahaleb",2,"0","ja/nein",0,"BA298 Nelken-Kirsche (tox 0)","BA298 BA299","Nelken-Kirsche [tox 0, essbar] | Felsenkirsche [tox 0]",""
